campaign_id,total_unique_donors
S4AK00214,814043
H8TX06266,46883
H0CA43108,71478
S4GA11285,452591
S4NC00162,98521
S4SD00049,6894
H0GA06192,10342
H2PA04135,17138
H2MN05166,8127
S0GA00526,459581
H6CA22125,181044
H2MO02102,25750
P80001571,1964736
S2TX00106,88943
H0WA03187,36151
H8OH01043,19258
S4AK00099,3953
S0SC00149,587803
H0LA01087,124715
S2KY00012,338614
S4CO00395,101569
S0AL00230,21458
H8NY01148,31594
S4SC00240,200365
S8AZ00221,251268
S6ME00159,94867
S2PA00505,50814
H0CA25105,50574
H8WV03097,8468
H6FL18097,44927
H0OK05205,24172
H8TX02166,45844
S2TX00312,39934
S4LA00065,89918
H0MD07197,91273
S0KY00156,56292
H0NV04015,8602
S2MT00096,187527
H6OH04082,103352
H0FL26036,17615
H0NV03132,24714
H2UT02324,6159
H0AL02145,327
S2PA00489,10124
S0FL00338,96341
H0TX07170,43526
S4IA00129,157965
H0NJ07261,9223
H4WA05077,12961
H0MN07091,15075
S8MI00372,192822
H0NH01282,19484
H0WI07101,4359
H8CA20059,74039
H0NY14270,10755
H8NJ02166,36906
H0MN05178,116443
H0NC11233,58033
H8CA39240,67260
H0SC01394,38235
H0MI02094,1529
H4WV02080,1516
H6MI04113,19283
H0CA28182,10553
H0IA01174,36380
H0OR04107,21474
H4NY22051,48914
H0TX15124,9141
H0CA48198,37972
S0WI00197,21603
H4MN06087,13042
H4NY21079,153518
H0KS03236,3185
H6PA08277,27279
S2PA00638,4807
H0ME02083,6006
H2VA02064,1075
H2VA07154,7002
H0TX35015,19021
H4IL12060,3890
H4NY24073,20478
S4NE00090,6318
H2NC08185,20098
S0IA00028,16630
S2NE00094,6954
H0IL17083,13000
S6WY00068,8630
H0NY02234,23519
H6NE02125,22748
H0VA07158,19293
H0NY11078,21877
S8TN00337,13865
H2CA20094,27139
H8OH15076,2412
H0NC03172,1770
H0TX13228,38501
S4AR00103,58510
H8MN08043,2325
H8IA02043,30317
S0UT00165,13470
H2AZ01354,7717
H8FL27185,35289
S4WV00159,10080
H2OH03067,2320
H0MI03290,5291
H2FL14186,20842
H0WI07127,3707
H2IL13120,28167
H0MI08141,11926
H0WI03175,28860
S4LA00107,15934
H2NH01270,2236
S6IN00191,23597
H0NJ02155,2944
H2NV04094,1632
H0TX04219,2665
S2GA00225,64238
H0VA10186,5320
H0VA10160,1151
S2NV00308,6732
S8OH00086,3566
S8MS00261,14340
H0NY03083,12232
H0FL09081,35
H8FL06148,12078
H2MO04140,5303
H2LA05126,5972
H0TX32087,13413
H6AK00045,15406
H2NY14128,1669
H0UT04076,44187
H8TX06233,424
H2OH16051,7927
H2NJ05311,1438
S2SD00068,5111
H8TX03123,5424
H0NC09187,13043
H0FL13158,39067
H0TX22302,10533
S0TN00169,12428
H4TX10093,17663
H2NY14094,3677
S2AZ00331,771
S0VA00146,10201
S2MO00536,17162
H2IL16107,5886
H6WY00159,15028
H6TX12060,8392
H0FL15104,5350
S8MO00160,36675
S2MO00593,8676
H8TX21307,13173
H4CA45089,7939
S8FL00273,22129
H4WA04104,4145
H0CA03128,1745
S2OH00386,909
H0PA07132,5875
S0KS00315,13457
H2TX31044,20324
H8IL14083,21194
S0MN00328,44345
H8PA18199,7356
S0KS00257,2272
H2TX08182,14799
S2OH00360,1866
H0PA08221,12260
H0VA02118,16222
H0IL06060,18417
H8VA06104,555
H0MI11129,4151
S2NC00505,7580
H0TX24209,28789
H4IA03115,9524
H0AZ01259,1625
S2AL00202,918
S0NM00124,9283
H6FL13148,3694
H0MN01045,29723
H6WI08155,8174
H6FL01119,5869
H2SC02059,9211
H0MN03124,5031
H2TX06269,3612
S0OH00133,5505
H4NJ01118,139
H2NM01276,2274
H8OH12180,1039
H4GA01039,3249
H2TX06335,2270
H8OH16108,8751
S2NC00489,7080
H6GA03113,4608
H0TX24233,66
H0IN05326,10904
H2SC07256,14953
H2AZ01339,2272
H0VA07133,1665
S2AZ00356,10375
H4MT00050,17455
S0WY00137,3090
H0IL11052,9358
H0KY06104,14251
H0CA08135,3357
H2SC01085,59
H8OH05036,1577
H4NC05146,8593
H6TX02079,6443
H8PA10147,1025
H8TN07076,3484
H0MN02134,9127
H0TX11230,5594
H0FL24205,1737
H0MI10287,4397
H4NE01064,4395
H0OR02150,2583
H6IN03229,6383
S0GA00567,5453
H8MO09153,6798
H2MA09239,148
H2TX06251,5511
S2MO00585,14099
S4OK00232,3267
H4MI04126,1604
H6LA03148,6587
H0AL01055,2339
H4NC10047,1294
H8FL15230,5933
H2TN05339,1505
S2NV00324,4825
H2VA10216,208
S0AR00150,4492
H0GA07273,11997
H2OH02085,6946
H2CA01177,2597
H8AL02171,2814
H8KS02199,8172
H0SD01094,459
H2FL21090,2670
H0IA04145,5875
S2AK00127,7103
S4PA00121,5713
S0KS00091,3977
H0FL07150,1646
H0AL01089,210
H0NY19204,405
H0FL19221,1158
S0MA00232,1882
S6AL00195,2130
H8AZ08158,11352
H8VA05171,7353
H8SC04250,2527
H0MI03308,8450
H4AR04048,2071
H0MO07113,1288
S4OK00083,9681
H0FL13133,4623
H0MS04120,2362
H2GA09150,4352
H0TX16106,852
H6PR00082,5901
H2GA10125,227
S0NH00326,4153
S8ID00027,7035
S8ID00092,6889
S2PA00471,344
S2AZ00372,5014
H8CA49108,3828
H0CO03165,29009
H0NY27090,2350
H0WA08103,3179
H8NM02156,23608
H6MI01226,14034
H6OH08315,3230
H2NH01288,455
H0WI05113,3081
H0IN02190,4335
S8MS00196,3175
S2MO00544,1119
H2MI07123,5134
H0CO06119,824
H8NJ04014,525
H0NV04056,1891
H0SC03077,4546
P60005915,189
H2TN07103,386
H0NY14296,483
H2NJ07192,1018
H2LA02156,2948
H6AZ05083,586
H8PA13125,150
S8ND00120,2560
H0PA08197,233
H0TN01118,3559
H0PA03271,1256
H4MI07103,7727
H6MS01131,4942
H2NH01262,125
H6CO03139,4572
H2CA49242,386
H2TX06343,1278
S2OK00111,944
H0CA48024,8668
H2MT02050,2356
H8GA06286,14146
S2MD00552,805
H0KS02188,4968
H0MI13471,4782
H8AZ01237,3169
H2WA08208,272
H2TX26093,998
S8WV00143,590
H2MO07143,640
H2WA08182,382
H0MD06231,296
H2WA03100,3310
H0FL08208,3097
H6NE03115,365
S0NH00334,3567
H2AZ09175,1475
H0ME02075,897
H8OH16124,436
H8IN06129,3528
H8MD01094,2791
H2PA04226,134
H0TN01225,130
S2CO00209,668
H2VA10182,1786
H2OH15160,1500
H2AZ09142,2662
H8PA15260,170
H2NC05157,299
S0TN00144,2907
H0UT04035,9
H8KS04112,3291
H0NY18172,2056
H2NV03161,3128
H2FL25018,63
H2AZ09167,85
S0VA00179,1297
H8SD01055,1495
H2GA12121,1088
H2NY19127,658
H8FL17053,3292
S2OH00436,1720
H2TX32109,1025
H8CA10209,601
H0WI03159,552
H2AL05128,177
H2MO04173,120
S8IN00171,3435
H0NJ09200,2152
H2FL01225,3
S8AL00381,5237
H8CA04152,733
H0KS01123,2227
H2MO04199,86
H6FL02208,2439
H0IN05250,158
S8UT00176,3097
S2WA00387,3309
H4WI06048,540
H0FL07143,1044
H0OR02127,1425
H8MS03125,5608
H2CA26133,110
H8NY02104,2270
H0VA09055,611
H2OR06033,50
H0FL03175,4418
H0FL22084,452
H0MN05251,2846
H0WV01072,466
H2CA45158,1735
H4AZ06045,979
H8KY02031,2377
H4AR02141,2296
S2AZ00349,1269
H0MA07054,794
H2WY00166,2437
H2OK02083,938
H0NJ05174,488
H2GA10216,332
H8VA01147,7298
H2VA07170,4490
H0NY20111,1190
H2OH09163,362
H4MO08162,1707
H0CT03155,626
H2CA22199,258
H0FL10113,828
H2GA06123,606
H0NY27116,95
H8WI01156,1071
H2TX34113,460
H2ME01131,221
S0MO00183,3773
H2OH14064,646
H6FL09070,690
H0FL09115,995
H0TX32079,1939
S2AL00145,2044
H0MO06073,611
H0VA07109,412
S2OH00170,859
H8TX22107,394
H8ND00096,519
H0IL15129,3529
H0KS03244,659
H2AR03275,285
H0PA06167,671
H0UT01205,2312
H0VA11127,576
H4GA11061,2289
H2OH15129,231
H6CA44145,1657
S0AL00206,860
S0ND00093,2696
H2OH15228,4458
H2AZ02360,489
S2NC00307,1682
H0PA12181,902
H0MA05132,566
H0NJ07279,1340
H2CA37023,371
S2NC00588,449
H0MN04197,239
S8NJ00541,29
H4ME02234,1167
H0NY10112,564
H6AL04098,764
S0IL00543,393
H2TX02367,2
H0LA05120,435
H2NJ11194,70
H0CT05200,76
H2CT02161,87
H0IL14197,2768
H2VA07162,414
H2NC07096,1610
S2PA00380,912
H8TX27049,463
H0NY29054,813
H2AK01083,105
H0TX17161,90
H0TX22310,168
S8NJ00483,1462
S4OR00156,639
H0IN08114,2475
H0MI10295,430
H8DE01044,333
H8TX16166,225
H2IA05072,404
H0NV04064,16
H0FL22100,430
H6KY01110,1549
H8PA05071,1773
H2CO08095,71
H2GA14093,235
H0AZ07082,302
H2CA16134,306
H4CO04090,1759
H0CT05234,85
H2TX14206,50
H0NH01290,103
H2SC07298,72
H2GA06172,1203
H2OH15145,142
S2CO00241,87
H0GA05277,208
H0NV04072,87
H0OH03111,79
H0OH06189,2852
H4TX04039,611
H2NY01158,722
H2MD08183,26
H0FL04140,1133
H0OK05213,339
S2GA00183,975
H2NY23145,61
S2GA00209,628
S2GA00175,1197
H0AL02178,648
H0NY04156,103
H0PA08205,908
H2NY18087,556
H2RI01202,269
H2IA03101,304
H0KS03228,424
H2IN01172,143
H8OK01157,626
H2NJ11160,252
H0VA05160,1170
S2UT00344,354
H2TX33040,833
H0MD05225,56
H2NV04102,54
H2IA03119,1394
H6AZ09010,286
H2NJ11137,353
H0OR03174,42
H6FL18121,1427
H0CA40138,203
H2CT05222,678
H2NH01254,6
H2MT02084,455
H2FL21082,95
H0TX17195,236
H0FL03159,398
H2CA45125,616
H0CA26145,1423
H2TX20096,39
H0CO02225,93
H0MI08125,208
H6LA04138,896
H0PA05094,268
H2FL21074,56
H0FL20120,201
H2CA52154,127
H0CA52083,48
H6IL18088,1365
H2NY25082,86
H0GA08099,21
H8SC05158,789
H0CA50202,13
H2FL07156,479
H2OR05183,97
H0NC06241,126
H0NM02229,824
H0NY17208,74
H2WA08166,5
H2WI02173,11
H0CA45129,242
H0IL15186,53
H2MO04207,62
H0OR02168,287
H0MA04259,96
H0CA06170,31
H0MD08203,91
H0IN05243,274
H2FL14251,691
H2IL14094,107
H2NC13185,39
H2NJ12127,185
H2SC07223,147
H0UT04043,3
H0VA07125,439
H2TN05347,13
H2FL11117,218
S2PA00554,460
H0IN05268,180
H0TX13111,125
H0UT04050,83
H2TX32083,97
H0NY27108,219
H0HI01298,48
H0IL11110,74
S2AR00107,547
H2MN03104,278
H0VA08198,269
H0KS01198,246
S2OH00477,208
H2MA09221,49
H2VA10141,66
H0OH18077,440
H4AL06098,59
H8VA11070,238
H2OH09155,168
H0NM01197,91
H2TX14149,411
H0GA07224,16
H0NJ03211,229
H2FL07164,241
H2AZ06247,133
S8CA00515,109
H2TX08232,18
H0CA07137,104
H8WI02121,44
H0OK05247,396
S0KS00299,194
H8TN02119,176
H0OH13201,12
H8ID01124,176
S2MO00643,53
H2OH15186,155
H2OR05209,241
H0CA37167,744
S2AL00152,290
H2LA02206,308
H2PA05074,151
H2NJ11202,81
S0AL00263,106
H2NH02245,79
H0NC11258,234
H2NV03195,114
H0CA48156,165
H0GA13149,7
H2PA17111,51
H2FL13279,274
H0TX32053,383
H2GA06156,54
H0VA03124,240
H0UT04092,29
H2IA03093,98
H0NC02158,123
H2NY23137,115
H0ME01119,171
H2AZ09191,40
H8TX02141,110
H2MA02077,49
H0RI02287,209
H0MI10303,20
H4TX04153,401
H0TX18292,97
H8CA32088,128
H2MI11232,122
H0NC03149,154
H2AL05169,73
H2CO03260,98
H0IA04137,91
H2KY05151,99
H2GA10182,113
H0VA04064,247
H0FL20153,26
H2VA10158,108
H0AZ02273,6
H2GA06198,150
H0FL19171,145
H0FL13141,42
H0GA06200,36
S2CO00225,271
H2WA04165,170
H2TX03282,89
H2KY03214,30
H2MD03184,47
H2FL07180,94
S0NM00116,64
H2NC11080,39
H0NY17315,14
H6IN09176,71
H0MN02142,118
H0MN02159,58
H0TX28069,161
H0NY02267,177
H0TX16130,18
S0VA00104,241
H2ME02188,47
H2AZ02352,170
H8TX05144,127
H2OH09171,51
H8TX29110,124
H2SC07066,261
H2MA02085,75
H2NJ04181,19
H0NY19188,154
H0SC01386,105
H0FL21136,9
H0WA02197,110
H0TN04195,54
H0AR01083,8
H4GA02078,116
H0NV04106,160
H2TX08133,184
H0NC07124,114
H2OH13231,21
H0TX04177,123
H0TX23268,111
H0CA15262,36
H8ID02064,275
H2GA06164,15
H0MI11111,48
H6PA16320,399
H0FL03209,177
H2MO07135,126
H2AL07173,19
H0IN01234,464
H2AZ02378,66
H0CA48206,8
H0MN07109,30
H0FL19189,185
H2TX28099,15
H2KY04196,164
H4OK06056,51
H8WI04069,42
H0WA01124,40
S4NJ00250,40
H2GA10257,75
H2MA04115,36
H2GA10158,156
H0FL19213,53
H2TX06228,161
H0IA04152,45
H2AL03032,51
H0LA05104,20
H0NY11094,300
H0IL04081,38
H2TX01112,61
H2TX03290,115
H2MO07168,59
H0TN03254,110
H0GA07307,9
H0NV04031,46
H2AZ09183,89
H2WY01040,78
S0GA00641,49
H0NY04149,46
H2NJ11145,109
H8CA28185,231
H2SC01077,79
H8NJ02182,49
H0PA17115,93
H0IN01242,15
H0AZ04535,138
H2NJ02235,3
H0WA10109,61
S0OR00337,17
H2TX18207,118
H0MA09076,8
H0OK04208,6
H0CT01126,31
H2VA07204,69
S2AL00137,53
H4ID02063,61
H2FL23104,14
H2CO07162,76
H2NC07161,20
H0NV04080,40
H0UT04019,42
H2WA04173,149
H2MI06117,5
H2MT00112,77
H2PA07096,81
H0IL11128,27
H0NV04023,119
H0GA06218,14
H0CA47141,4
H0TX33036,4
H2ME02212,38
H0TX04201,27
H2TX26176,20
H0NC11191,69
H0NJ10232,30
S2OR00135,27
H2TX08273,150
H2NJ03258,109
H0CA48172,32
S0KS00349,96
H2GA06131,65
H2OH07175,67
H8TX21331,8
H0MI06178,44
H2TX07077,14
H0CA24157,34
H0CA17193,24
S2SD00118,25
H0AZ02265,55
H2NC04176,43
H0VA10194,106
H2IL06082,27
H0GA14048,13
H2OH16069,95
H0TX22229,1
H2TX01120,5
H0IN07256,80
S2OH00329,170
H2NC13201,6
H2VA07196,89
H2CO08079,56
H2KY02141,27
H2NJ03233,16
H2FL21132,14
H0CT02207,41
H2FL20225,25
H0FL07168,7
H0TX23243,8
H0OR02135,12
H0MT01098,7
H0MI05162,65
H0NM01189,48
H2ME02196,36
S2PA00604,27
H0IL01194,79
H0GA14113,76
H0NY10120,4
S2FL00474,7
H2TX32158,23
H2PA06163,71
H8TN06094,3
H2TX28123,64
H2MI06125,6
H0NV03124,35
H0UT01155,138
H8NH02275,44
S0NH00318,18
H2CA16142,13
H0TX04185,29
H2FL20233,8
H8GA08092,8
H2NY04160,25
H2GA10240,124
H2PA06155,49
H0CA15247,116
S2AZ00380,96
H0TX24225,6
H0KY05015,70
H0MI03233,7
H0NY27132,85
H2NC07187,29
H0WI02078,13
H8WA01077,16
S2IA00131,100
H0WA06081,32
H0OR05088,14
H2KY01077,7
H0HI02221,16
H0UT01171,106
H0CO06101,22
H4MT01033,58
H8OR05206,85
H2OH14106,18
H0CA12137,29
H0FL07184,11
H2FL24052,9
H2MS04266,11
H2NV03203,25
H2NY03139,112
S2NY00390,5
H2NC04168,84
H2CA03116,11
H2CT05230,22
S2ID00111,24
H0TX17120,5
H2AZ01370,16
H0PA08213,7
H2FL14277,61
H8NJ05136,23
H0NJ06230,18
H0FL19163,28
H2MI08162,37
H2AZ03152,8
H2TX08158,49
H2TX32133,29
H0CA16120,90
H2TX08208,48
H2NC11221,39
H8UT03238,10
H0WI04132,9
H2AZ03160,1
H0MI14230,15
S0TN00219,7
H2FL04146,30
H2MO04215,21
H0GA09246,37
H2CA09139,19
H2IL06090,13
H2OH15137,43
H0PA18113,48
H0NY02200,67
H2OH01186,35
H0CA10271,28
H0WI03142,16
H2WA04181,11
H2TX26200,8
H0MN02126,2
H0FL19122,30
H2TX17092,26
H2CA33196,14
H0DE01066,8
H8VT01065,5
H0NY14239,6
H2FL20290,13
H0AL02194,32
H0FL21110,20
S0KS00240,14
H2CA07133,12
H2MN03112,6
H8TN09114,22
H0IN01333,13
P40005928,7
H2FL03197,4
H4VA07127,5
H2UT03256,34
H0WI07051,25
H6TX19099,59
H2OK04055,18
H0IN05334,28
H0TX11248,30
H0CA25113,1
H0FL19247,26
H8WA10037,3
H2AK01059,5
H2TX08166,101
H2MI06141,22
H2NJ04199,17
H0GA13131,20
S0KS00364,9
H2TX21136,6
H0AZ05193,6
H8NH02283,8
H2WI06067,5
H0CA08069,10
S0NM00066,19
H0TX22211,10
S2CT00264,5
H0CA51051,2
H0CT05192,7
H2OR06058,13
H0CA45087,3
H0NC11217,1
H2FL09152,7
H2CA39151,17
H0AZ07090,3
H0FL23108,16
H2NC06080,2
H2SC07199,3
H2GA14101,9
H4GA10071,1
H2GA02155,13
H0GA06226,1
H0MN05277,8
H0CT04229,15
H0FL10097,2
H2NJ05303,11
H2IN08151,12
S2NY00440,11
H0KY03242,6
H0FL23116,10
H0NJ09192,6
H0NV03116,8
H2WA03118,14
H2TX32141,6
H0VA04072,10
H0MS02082,10
H0FL23132,7
H2NC12229,1
H0OH09167,3
H0TX35023,5
H0CO02217,4
H0MI03266,6
H0IL03117,10
H0IL02127,6
H0NH01316,2
S2CA01144,3
H0CA35146,18
H4LA06153,17
H0IN01218,10
H2NJ03266,2
H0TX23086,8
H0CA53214,15
H0AZ03461,16
H0FL20112,4
H2TX37074,7
H2FL03189,2
H2CT04076,3
S2NC00547,2
H2IL03147,3
H2FL26073,7
H8TX27080,4
H6TX07128,3
H2NY10134,6
H0CA05107,1
H2MD06310,6
S2WA00429,1
H0VT01062,1
H0TX31030,1
H2MI11133,1
H0OR01194,10
H2OH15236,3
H2SC01093,5
H2CA54010,2
H2TX26218,2
H2FL14244,3
H0FL21060,3
H2MO07127,10
H2GA08061,5
H2TX12093,1
H2FL06190,4
H0MA09027,1
H2NY02149,1
S2IL00150,8
H2NC13169,13
H0TX16114,7
H0TX23276,14
H2FL09210,2
H2CA45166,6
H2FL09178,2
H2MI06109,4
H2AZ01347,2
H8AZ02201,1
H2FL11125,2
H0MI08133,1
S0TN00243,5
H2TX32091,1
H0HI02288,2
H2GA12154,6
S2OR00168,1
H2GA10174,7
H8MA02116,7
S2CO00159,13
H2CO06172,2
H2TX35151,1
H2IN06296,1
H0OR03166,7
H0TX09168,1
H6FL07124,14
H2SC07215,5
H2TX20070,2
H0GA04148,1
H0NJ01207,6
H8NV02129,2
H0NC06209,2
H2TX28115,3
H8FL13136,2
H0CO06135,3
H2GA10224,7
H2WA02227,1
H8MN07102,3
H2LA05191,2
H2TX07093,3
H2NJ04207,1
H2WA06160,2
H6MN07304,1
S2IL00192,1
H0TX31048,1
H8VA01220,1
H0GA02258,6
H0CA20122,7
S2CA01060,3
H2FL07206,1
H2CA36447,3
H2NY24143,1
H0ME02067,1
H2TX08224,2
H2SC02174,2
H2FL12099,1
H2OH13207,1
H0NY12209,5
H2CT01213,1
H0CA45095,2
H2NH02229,2
H2SC06118,2
H2TX33230,3
H0WI03134,5
H0FL26010,2
H0NH02280,3
H2DE01039,4
H0AL01071,1
H2AZ07195,1
H0MD04152,2
S2AL00160,2
H2AZ04200,3
H2NC02253,1
S2IL00184,1
H0GA07265,1
H4KY06163,1
H6VA08211,1
H2MO08083,1
S2SD00092,1
H0TX22237,2
H2NV03187,1
H0IL15160,2
H2TX14198,1
S2NV00290,1
H2NM01268,2
H0MI03274,4
H0WI07119,2
H0PA17107,1
H2SC07231,2
H0SC01360,1
H0PA06142,1
S2OK00145,2
H2FL05200,1
H0WA02213,1
H2OH11250,1
H0FL27067,1
H0GA07257,1
H0IL14189,1
H2TX30186,1
H2NH00025,5
H2CA46131,1
H0FL08257,2
H2NC08235,2
H0NM03193,1
H2ME02238,1
S0VA00153,2
H2GA10265,2
H2CA21183,1
H0NY14247,2
H0FL27034,1
H0TX20132,1
H0TX17104,1
H0TN01076,1
H0VA02092,1
H2AL01200,1
H0FL03225,1
H2TX32125,1
